S/N,Base,Type,Dte,Types of Eqpt,Brand & Model,Serial No,"Processor, RAM & HDD/SSD",CPU,RAM,HDD,SSD,Status,Location,Remarks by CW&IT,Remarks,Win 10 RMK,AD Status
1,Air HQ,Existing,Dte Rect,All-in-One,Barnd: HP Model: EliteOne 800 G3,SGH831SVM5,"Core i5 7th Gen, RAM: 8 GB, HDD: 1 TB",Core i5 7th Gen,8 GB,1 TB,0,svc,AD,ok,Withdraw & Issue,,
2,Air HQ,Existing,Dte Rect,Desktop,Brand: Clone Model: 107S76 Ser: AU1A0743000354,NA,"Corei5 4th Gen, RAM: 8 GB, HDD: 500 GB, SSD: 128 GB",Corei5 4th Gen,8 GB,500 GB,128 GB,svc,O/R-1,ok,Withdraw & Issue,,
3,Air HQ,Existing,Dte Rect,Desktop,Brand: Dell Model: OPYUPLEX-GXI,6HB11S,"Core i5 4th Gen, RAM: 8 GB, HDD: 500 GB, SDD: 128 GB",Core i5 4th Gen,8 GB,500 GB,0,svc,O/R-3,ok,Withdraw & Issue,,
4,Air HQ,Existing,Dte Rect,Desktop,Brand: NAVANA Model: 59185,5670972,"Core i3 6th Gen, RAM: 4 GB, SSD: 512 GB",Core i3 6th Gen,4 GB,0,512 GB,svc,Ad & Pub,ok,Withdraw & Issue,,
5,Air HQ,Existing,Dte Rect,Desktop,Brand: Pride Model: 486SX33,94000152,"Core i3 2nd Gen, RAM: 4 GB, HDD: 500 GB",Core i3 2nd Gen,4 GB,500 GB,0,svc,O/R-2,ok,Withdraw & Issue,,
6,Air HQ,Existing,JAG Br,All-in-One,Brand: Hp Model: Flite one 800G3,SGH831SVM4,"Core i5 7th, RAM: 8GB, HDD: 1 TB",Core i5 7th,8GB,1 TB,0,svc,O/R-4,Withdraw,Issued,,
7,Air HQ,Existing,JAG Br,Desktop,Brand: Clone Model:,NA,"Core i3 7th Gen, RAM: 4GB, HDD: 500 GB",Core i3 7th Gen,4GB,500 GB,0,svc,O/R-1,ok,Withdraw & Issue,,
8,Air HQ,Existing,JAG Br,Desktop,Brand: Clone Model:,NA,"Core i3 7th Gen, RAM: 4GB, HDD: 500 GB",Core i3 7th Gen,4GB,500 GB,0,svc,O/R-3,ok,Withdraw & Issue,,
9,Air HQ,Existing,JAG Br,Desktop,Brand: Clone Model:,NA,"Core i3, RAM: 4GB, HDD: 500 GB SSD 128",Core i3,4GB,500 GB,0,svc,O/R-6,ok,Withdraw & Issue,,
10,Air HQ,Existing,JAG Br,Desktop,Brand: Clone Model:,NA,"Core i3 7th Gen, RAM: 4GB, HDD: 500 GB SSD 256",Core i3 7th Gen,4GB,500 GB,0,svc,PA,Withdraw,Issued,,
11,Air HQ,Existing,JAG Br,Desktop,Brand: Clone Model:,NA,"Core i3, RAM: 4GB, HDD: 500 GB",Core i3,4GB,500 GB,0,U/S,Process for Cat R/S,Withdraw,Issued,,
12,Air HQ,Existing,Dte AC,All-in-One,Brand: HP,SGH831SVLM,Core i5 7th Gen,Core i5 7th Gen,0,0,0,svc,SSO,ok,Withdraw & Issue,,
13,Air HQ,Existing,Dte AC,All-in-One,Brand: HP,SGH820SQ63,"Core i5 7th Gen, RAM-8 GB, HDD- 1 TB",Core i5 7th Gen,8 GB,1 TB,0,svc,D AC,ok,Withdraw & Issue,,
14,Air HQ,Existing,Dte AC,Desktop,Brand: Clone,NA,"Core i3 4th Gen, RAM-8 GB, SSD- 512 GB",Core i3 4th Gen,8 GB,0,512 GB,svc,Estb,ok,Withdraw & Issue,,
15,Air HQ,Existing,Dte AC,Desktop,Brand: Clone,NA,"Core i3 4th Gen, RAM-4 GB, HDD- 512 GB",Core i3 4th Gen,4 GB,512 GB,0,svc,Regulation,ok,Withdraw & Issue,,
16,Air HQ,Existing,Dte AC,Desktop,Clone,NA,"Core i3 3rd Gen, RAM-2 GB, SSD- 128 GB, HDD-512 GB",Core i3 3rd Gen,2 GB,512 GB,128 GB,svc,O/R,ok,Withdraw & Issue,,
17,Air HQ,Existing,CI’s Office,All-in-One,Brand: HP Model: EliteOne 800G3,SGH831SVM2,"Core: i5 7th Gen, RAM: 8 GB, HDD: 1 TB",Core: i5 7th Gen,8 GB,1 TB,0,svc,CI,ok,Withdraw & Issue,,
18,Air HQ,Existing,Dte FS,All-in-One,Brand: HP Model: EliteOne 800G3,SGH831SVLN,"Core i5 7th Gen, RAM: 8 GB, HDD:1 TB",Core i5 7th Gen,8 GB,1 TB,0,svc,Tech O/R Desk-1,Withdraw,Issued,,
19,Air HQ,Existing,Dte FS,Desktop,Model: Clone-P4-450W24PIN Ser: MT1W878F,NA,"Core i3 4th Gen, RAM: 4 GB, HDD:512 GB, SSD: 128 GB",Core i3 4th Gen,4 GB,512 GB,128 GB,svc,,ok,Withdraw & Issue,,
20,Air HQ,Existing,Dte FS,Desktop,Model: Dell OptiPlex,674F115,"Core i3 4th Gen, RAM: 4 GB, HDD:512 GB",Core i3 4th Gen,4 GB,512 GB,0,svc,O/R Desk-4,ok,Withdraw & Issue,,
21,Air HQ,Existing,Dte Proj,All-in-One,Brand: Dell Model: Vastro 203015,HVTG822,"Celeron (R), RAM: 4 GB, HDD: 466GB",Celeron (R),4 GB,466GB,0,svc,"Stuff-1
 Desk-4",Withdraw Due,Issued,,
22,Air HQ,Existing,Dte Proj,All-in-One,Brand: HP Model: EliteOne,SGH831SVLX,"Core i5 7th Gen, RAM: 8 GB, HDD: 932 GB",Core i5 7th Gen,8 GB,932 GB,0,svc,D Proj,Withdraw Due,Issued,,
23,Air HQ,Existing,Dte Proj,All-in-One,Brand: Lenovo Model: ThinkCentre,PCOBQWKW,"Core i3 6th Gen, RAM: 4 GB, HDD: 932 GB",Core i3 6th Gen,4 GB,932 GB,0,svc,"O/R,
Desk-2",Withdraw Due,Issued,,
24,Air HQ,Existing,Dte Proj,Desktop,Brand: Cheval Model: 2323A Samsung(ZZQTH4TH800566),NA,"Core i3 3rd Gen, RAM: 2 GB, HDD: 466 GB, SSD: 128 GB",Core i3 3rd Gen,2 GB,466 GB,128 GB,svc,"Stuff-1,
Desk-1",Withdraw Due,Issued,,
25,Air HQ,Existing,Dte Proj,Desktop,Brand: LG Model: S19D300NY,31ONDFV5J107,"Core (TM)2, RAM: 2 GB, HDD: 466 GB",Core (TM)2,2 GB,466 GB,0,svc,"Stuff-1,
Desk-3",Withdraw Due,Issued,,
26,Air HQ,Existing,Dte Proj,Desktop,Brand: Samsung Model: S19D300NY,ZZ91H4LG503433J,"Pentium, RAM: 4 GB, HDD: 466 GB",Pentium,4 GB,466 GB,0,svc,"O/R,
Desk-1",Withdraw Due,Issued,,
27,Air HQ,Existing,Dte Fin,All-in-One,Brand: HP Model: 22-b2031,8CC7381PDZ,"Core i5 7th Gen, RAM: 4GB, HDD: 1TB",Core i5 7th Gen,4GB,1TB,0,svc,Treasurer Central,,Not Issued,ok for win 10,
28,Air HQ,Existing,Dte Fin,All-in-One,Brand: HP Model: 22-b2031,8CC7381PH5,"Core i3 6th Gen, RAM: 8GB, SSD: 512GB",Core i3 6th Gen,8GB,0,512GB,svc,BAFWA,,Not Issued,ok for win 10,
29,Air HQ,Existing,Dte Fin,All-in-One,Brand: Lenovo Model: Think Center,S/N: PC0BWL6,"Core i3 4th Gen, RAM: 4GB, HDD: 512GB, SSD: 128 GB",Core i3 4th Gen,4GB,512GB,128 GB,svc,AD BGT (S/L Shajedul),,Not Issued,,
30,Air HQ,Existing,Dte Fin,Desktop,"Brand: Circle, Monitor Brand/Model: Samsung",Monitor S/N: LG502575,"Core i3 4th Gen, RAM: 4GB, HDD:512 GB, SSD: 256 GB",Core i3 4th Gen,4GB,512 GB,256 GB,svc,Budget Sec,,Not Issued,,
31,Air HQ,Existing,Dte Fin,Desktop,"Brand: COOL, Monitor Brand/Model: Samsung",Monitor S/N: G05XHYCF702906R,"Core i3 4th Gen, RAM: 4GB, HDD:512 GB",Core i3 4th Gen,4GB,512 GB,0,svc,PA to D Fin,,Not Issued,,
32,Air HQ,Existing,Dte Fin,Desktop,"Brand: Hi Speed, Monitor Brand/Model: Samsung",Monitor S/N: ZZAEH4LG801309N,"Core i3 3th Gen, RAM: 2GB, HDD: 512GB",Core i3 3th Gen,2GB,512GB,0,svc,BGT Sec,,Not Issued,,
33,Air HQ,Existing,Dte Fin,Desktop,"Brand: Hi-Speed, Monitor Brand/Model: Samsung",Monitor S/N: G044HYCI200243L,"Core i3 4th Gen, RAM: 4GB, HDD: 1 TB",Core i3 4th Gen,4GB,1 TB,0,svc,PF Sec,,Not Issued,,
34,Air HQ,Existing,Dte Fin,Desktop,"Brand: PACE, Monitor Brand/Model: Samsung",Monitor S/N: 0A04HYCF401902H,"Core i3 4th Gen, RAM: 8GB, HDD:1 TB, SSD: 128 GB",Core i3 4th Gen,8GB,1 TB,128 GB,svc,TA/DA Sec,,Not Issued,,
35,Air HQ,Existing,Dte Fin,Desktop,"Brand: SAN, Monitor Brand/Model: Samsung",Monitor S/N: ZZAEH4LG801309N,"Core i3 4th Gen, RAM: 8GB, HDD:1 TB, SSD: 128 GB",Core i3 4th Gen,8GB,1 TB,128 GB,svc,Audit & Store Sec,,Not Issued,,
36,Air HQ,Existing,Dte Fin,Desktop,Monitor brand: Hp,Monitor S/N: CNC1270TCS,"Pentium (R), Dual Core CPU, RAM: 2 GB, HDD: 700 GB","Pentium (R), Dual Core CPU",2 GB,700 GB,0,svc,Budged Sec,,Not Issued,,
37,Air HQ,Existing,Dte Fin,Desktop,Samsung Monitor,Monitor S/N: ZWNTHMB801207P,"Core i3 4th Gen, RAM 2 GB, HDD: 1 TB",Core i3 4th Gen,2 GB,1 TB,0,svc,Budged Sec,,Not Issued,,
38,Air HQ,Existing,Dte Fin,Desktop,Monitor Brand: LG,Monitor S/N: 3091NQ54452,"Pentium (R), Dual Core, RAM: 2GB, HDD: 512 GB",Pentium (R),2GB,512 GB,0,svc,pension Sec,,Not Issued,,
39,Air HQ,Existing,Dte MS,All-in-One,Elit-One All-in-One pc,SGH831SVM6,"Core: i5 7th, RAM: 8 GB 
HDD: 1 TB",Core: i5 7th,8 GB,1 TB,0,svc,DDMS,,Not Issued,ok for win 10,
40,Air HQ,Existing,Dte MS,Desktop,"CPU: Clone, Monitor: SAMSUNG, S/N: MRCYHYCF100308E",BAF CU990039,"Core: i3 3th, RAM: 8GB 
HDD: 512GB, SSD: 128GB",Core: i3 3th,8GB,512GB,128GB,svc,PA to DMS,,Not Issued,,
41,Air HQ,Existing,Dte Pers,All-in-One,Brand: Hp Model: EliteOne 800 G3,SGH 831SVM8,"Core i5-7th Gen, RAM: 8 GB, HDD: 1 TB",Core i5-7th Gen,8 GB,1 TB,0,svc,MODC Sec,,Not Issued,ok for win 10,
42,Air HQ,Existing,Dte Pers,Desktop,CPU Brand: Clone Monitor Brand/Model: LG Ser: 609INRC3N438,NA,"Core- i3 4th Gen, RAM: 4GB, HDD: 1 TB, SSD: 128 GB",Core- i3 4th Gen,4GB,1 TB,128 GB,svc,Mng Sec,,Not Issued,,
43,Air HQ,Existing,Dte Pers,Desktop,CPU Brand: Clone Monitor Brand/Model: LG Ser: 609INX3N473,NA,"Core i3 6th Gen, RAM: 4GB, HDD: 512 GB",Core i3 6th Gen,4GB,512 GB,0,svc,Legal Stuff,,Not Issued,ok for win 10,
44,Air HQ,Existing,Dte Pers,Desktop,CPU Brand: Clone Monitor Brand/Model: Samsung S19D300NY Ser: ZZ91H4G502523Z,NA,"Core i3 4th Gen, RAM: 4GB, HDD: 512 GB,",Core i3 4th Gen,4GB,512 GB,0,svc,P&D,,Not Issued,,
45,Air HQ,Existing,Dte Pers,Desktop,"CPU Brand: Clone Monitor Brand/Model: Samsung 
S/N: ZUNMHMAC8J492U",NA,"Core: i3 4th Gen, RAM: 8 GB, HDD: 512 GB, SSD: 128 GB",Core: i3 4th Gen,8 GB,512 GB,128 GB,svc,ICT,,Not Issued,,
46,Air HQ,Existing,Dte Pers,Desktop,"CPU Brand: Clone Monitor Brand/Model: Samsung
S/N: ZZAFEH4LG603469K",NA,"Core: i3 4th Gen, RAM: 4 GB, HDD: 512 GB",Core: i3 4th Gen,4 GB,512 GB,0,svc,Legal Stuff,,Not Issued,,
47,Air HQ,Existing,Dte W&C,All-in-One,HP Elit One All-in-One Pc,SGH8205Q43,"Core i5 7th Gen, RAM: 8 GB, HDD: 1 TB",Core i5 7th Gen,8 GB,1 TB,0,svc,Director,,Not Issued,ok for win 10,
48,Air HQ,Existing,Dte W&C,All-in-One,Lenovo Think Center,PCOBQWL1,"Core i3 6th Gen, RAM: 4 GB
 HDD: 1 TB",Core i3 6th Gen,4 GB,1 TB,0,svc,Bill Sec (JCOIC),,Not Issued,ok for win 10,
49,Air HQ,Existing,Dte W&C,Desktop,Dell Monitor (Clone) S/N: CN-OXOT4K-72872-3CA-GD5U,Clone,"Core-i5 8th Gen, RAM: 4GB, HDD: 1 TB",Core-i5 8th Gen,4GB,1 TB,0,svc,Well Sec,,Not Issued,,
50,Air HQ,Existing,Dte W&C,Desktop,LG Monitor S/N: 31oNDRFJ998,Clone,"Core-i3 4th Gen, RAM: 4GB,
HDD: 512GB",Core-i3 4th Gen,4GB,512GB,0,svc,Store Room,,Not Issued,,
51,Air HQ,Existing,Dte W&C,Desktop,Samsung Monitor S/N: G064HYCF901122F,Clone,"Core-i3 4th Gen, RAM: 2GB,
HDD: 512GB + 1TB",Core-i3 4th Gen,2GB,512GB,0,svc,Crem Sec,,Not Issued,,
52,Air HQ,Existing,PM Dte,All-in-One,Brand: HP Model: EliteOne 800 G323.8 Non-Touch AiO,SGH 8315VM7,"Core: i5 7th Gen, RAM: 8 GB, SSD: 128 GB, HDD:1 TB",Core: i5 7th Gen,8 GB,1 TB,128 GB,svc,JCOIC Room,,Not Issued,ok for win 10,
53,Air HQ,Existing,PM Dte,Desktop,"Brand: Clone, Model: Clone,Monitor: Samsung",G05XHYCF702581,"Core: i3 4th Gen, RAM: 2 GB, SSD: 512 GB",Core: i3 4th Gen,2 GB,0,512 GB,svc,Odr,,Not Issued,,
54,Air HQ,Existing,PM Dte,Desktop,Brand: Dell Model: Core (TM) i5-6500 CPU,7R60CD2,"Core: i5 6th Gen, RAM: 4 GB, SSD: 512 GB, HDD: 512 GB",Core: i5 6th Gen,4 GB,512 GB,512 GB,svc,Fire & Training,,Not Issued,ok for win 10,
55,Air HQ,Existing,PM Dte,Desktop,Brand: Samsung Model:,S19F350HNW,"Core: i3 4th Gen, RAM: 4 GB, HDD: 512 GB",Core: i3 4th Gen,4 GB,512 GB,0,svc,"PM-6, GC-6",,Not Issued,,
56,Air HQ,Existing,PM Dte,Desktop,"Brand: Dell PC, Model: Optic 3040 (MT)",SB93D2,"Core: i5 6th Gen, RAM: 4 GB, HDD: 512 GB",Core: i5 6th Gen,4 GB,512 GB,0,svc,Odr Room,,Not Issued,ok for win 10,
57,Air HQ,Existing,Dte Sup (SPS),All-in-One,HP,SGH820SQ4F,"Core i5 7th Gen, RAM: 8 GB, HDD 1TB.",Core i5 7th Gen,8 GB,1TB,0,svc,Clo Gp WO Jasim,,Not Issued,ok for win 10,
58,Air HQ,Existing,Dte Sup (SPS),All-in-One,Dell,4V2T772,"Core i5 6th Gen, RAM: 4GB, SSD 512 GB.",Core i5 6th Gen,4GB,0,512 GB,svc,"Sig Gp, Sgt Aziz",,Not Issued,ok for win 10,
59,Air HQ,Existing,Dte Sup (SPS),Desktop,Clone,N/A,"Intel Core i3, 2nd Gen, RAM: 4GB, HHD 1 TB",Intel Core i3,4GB,0,0,svc,"ORD Gp, WO hahid",,Not Issued,,
60,Air HQ,Existing,Dte Sup (SPS),Desktop,Clone,N/A,"Intel Core i3, 3rd Gen, RAM: 2GB, HHD 512GB",Intel Core i3,2GB,0,0,svc,"Sig Gp, Sgt Aziz",,Not Issued,,
61,Air HQ,Existing,Dte Sup (SPS),Desktop,Clone,N/A,"Pentium 2 Dual Core, RAM: 4GB, SSD 512 GB",Pentium 2 Dual Core,4GB,0,512 GB,svc,"MT Gp, WO aula",,Not Issued,,
62,Air HQ,Existing,Dte Sup (SPS),Desktop,Clone,N/A,"Intel Core i3, 2nd Gen, RAM: 4GB, HDD 512GB",Intel Core i3,4GB,512GB,0,svc,"Clo Gp, MWO Ferdous",,Not Issued,,
63,Air HQ,Existing,Dte Sup (SPS),Desktop,Clone,N/A,"Intel Core i3, 2nd Gen RAM: 8GB, SSD 256 GB, HDD: 1 TB",Intel Core i3,8GB,1 TB,256 GB,svc,"Pri Gp, WO Mofiz",,Not Issued,,
64,Air HQ,Existing,Dte AD,All-in-One,Brand: Lenovo Model: Think Centre M700z,PCOBQWLU,"Intel Core i3-6100T, 3.2GHz, HDD:1TB, RAM:4GB",Intel Core i3-6100T,4GB,1TB,0,svc,Ops Rec,,Withdraw & Issue,,
65,Air HQ,Existing,Dte AD,Desktop,Brand: LG Model: 19M38A,NA,"Intel Core i3-6098P, 3.6GHz, HDD:512GB, RAM:4GB",Intel Core i3-6098P,4GB,512GB,0,svc,PA To Dte,,Withdraw & Issue,,
66,Air HQ,Existing,Dte Air Trng,All-in-One,Brand: HP Model: Elite One 800GG323,SGH831SVM3,"Core i5-7500, HDD:1TB, RAM:8GB",Core i5-7500,8GB,1TB,0,svc,Staff room (Sports) Trg-6,,Withdraw & Issue,,
67,Air HQ,Existing,Dte Air Trng,Desktop,Brand: Clone Model: NA,NA,"Core i3-2100, SSD:500GB, RAM:8GB",Core i3-2100,8GB,0,500GB,svc,Procurement Section,,Withdraw & Issue,,
68,Air HQ,Existing,Dte Air Trng,Desktop,Brand: Clone Model: NA,NA,"Intel Core i3-6098P, HDD:500GB, SSD:250GB, RAM:8GB,",Intel Core i3-6098P,8GB,500GB,250GB,svc,Foreign Training,,Withdraw & Issue,,
69,Air HQ,Existing,Dte Air Trng,Desktop,Brand: Clone Model: NA,NA,"(TM) Core i3, HDD:1 TB, SSD:120GB, RAM DDR-3, 6GB",(TM) Core i3,,1 TB,120GB,svc,Staff Room Sports,,Withdraw & Issue,,
70,Air HQ,Existing,Dte Air Trng,Desktop,Brand: Clone Model: NA,NA,"Intel Core i3-4400, SSD:250GB, HDD:500GB, RAM:8GB",Intel Core i3-4400,8GB,500GB,250GB,svc,Staff room Flying Trg-5,,Withdraw & Issue,,
71,Air HQ,Existing,Dte Edn,All-in-One,Brand: Lenovo Model: Think Centre M700z,PCOBQWMI,"Intel(R) Core (TM) i3 7th Gen, RAM= 4GB, HDD=929GB",Intel(R) Core (TM) i3 7th Gen,4GB,0,0,svc,D Edn,Withdraw,Issued,,
72,Air HQ,Existing,Dte Edn,Desktop,Brand: Clone Model: --,NA,"Core I3 4th Gen, RAM=4GB, HDD=462GB",Core I3 4th Gen,4GB,0,0,svc,MWO Anwor,ok,Withdraw & Issue,,
73,Air HQ,Existing,Dte Edn,Desktop,Brand:Clone Model: -- Ser: G064HYCF901099T,NA,"Core I3 4th Gen, RAM=4GB, HDD=928GB",Core I3 4th Gen,4GB,0,0,svc,Civ Rezaul,Withdraw,Issued,,
74,Air HQ,Existing,Dte Edn,Desktop,Brand:Clone Model: -- Ser: ZZAEH4JGB01893B,NA,"Core i3 4th Gen, RAM=4GB, HDD=928GB",Core i3 4th Gen,4GB,0,0,svc,SWO Sujan,ok,Withdraw & Issue,,
75,Air HQ,Existing,Dte Edn,Desktop,Brand:Clone Model: -- Ser:CN-OXOTZT4K7,NA,"Core i3 4th Gen, RAM=4GB, HDD=464GB",Core i3 4th Gen,4GB,0,0,svc,Swo Tonuzul,Withdraw,Withdraw & Issue,,
76,Air HQ,Existing,Dte Edn,Desktop,Brand:Clone Model: -- Ser: ZZAEH4LGB03007P,NA,"(R), Pentium(R) CPU G645, RAM=2GB, HDD=930GB",Pentium(R) CPU,2GB,0,0,svc,Sgt Nabi Sheikh,ok,Issued,,
77,Air HQ,Existing,Dte Sup,Desktop,Brand: Clone Model: NA,NA,"Core i3 3rd Gen, HDD-1 TB, Ram-4GB",Core i3 3rd Gen,4GB,1 TB,0,svc,Russian Gp,ok,Withdraw & Issue,,
78,Air HQ,Existing,Dte Sup,Desktop,Brand: Clone Model: NA,NA,"Core i3 4th Gen, HDD-500 GB, SSD-120 GB, Ram-2GB",Core i3 4th Gen,2GB,500 GB,120 GB,svc,Registry Gp,ok,Withdraw & Issue,,
79,Air HQ,Existing,Dte Sup,Desktop,Brand: Clone Model: NA,NA,"Core i3 2nd Gen, HDD-500 GB, Ram-4GB,",Core i3 2nd Gen,4GB,500 GB,0,svc,Lp Gp,ok,Withdraw & Issue,,
80,Air HQ,Existing,Dte Sup,Desktop,Brand: Clone Model: NA,NA,"Core i3 3rd Gen, HDD-512 GB, SSD-120 GB Ram-4GB, 3rd Gen",Core i3 3rd Gen,4GB,512 GB,120 GB,svc,Radar Gp,ok,Withdraw & Issue,,
81,Air HQ,Existing,Dte Sup,Desktop,Brand: Clone Model: NA,NA,"Intel Pentium G630, SSD-512 GB, Ram-4GB",Intel Pentium G630,4GB,0,512 GB,svc,POL Gp,ok,Withdraw & Issue,,
82,Air HQ,Existing,Dte Sup,Desktop,Brand: Clone Model: NA,NA,"Core i3 4th Gen, HDD-500 GB, Ram-4GB",Core i3 4th Gen,4GB,500 GB,0,svc,POL Gp,ok,Withdraw & Issue,,
83,Air HQ,Existing,Dte Sup,Desktop,Brand: Clone Model: NA,NA,"Core i3 6th Gen, HDD-500 GB, SSD-120 GB, Ram-4GB",Core i3 6th Gen,4GB,500 GB,120 GB,svc,K-8W Gp,ok,Withdraw & Issue,,
84,Air HQ,Existing,Dte Sup,Desktop,Brand: Clone Model: NA,NA,"Core i3 2nd Gen, HDD-1 TB, Ram-4GB",Core i3 2nd Gen,4GB,1 TB,0,svc,Russian Gp,ok,Withdraw & Issue,,
85,Air HQ,Existing,Dte Sup,Desktop,Brand: Clone Model: NA,NA,"Core i3 2nd Gen, HDD-1 TB, Ram-4GB,",Core i3 2nd Gen,4GB,1 TB,0,svc,Radar Gp,ok,Withdraw & Issue,,
86,Air HQ,Existing,Dte Sup,Desktop,Brand: Clone Model: NA,NA,"Core i3 4th Gen, HDD-1 TB, Ram-4GB",Core i3 4th Gen,4GB,1 TB,0,svc,POL Gp,ok,Withdraw & Issue,,
87,Air HQ,Existing,Dte Sup,Desktop,Brand: Clone Model: NA,NA,"Core i3 2nd Gen, HDD-500 GB, Ram-4GB",Core i3 2nd Gen,4GB,500 GB,0,svc,Dress Gp,ok,Withdraw & Issue,,
88,Air HQ,Existing,Dte Sup,Desktop,Brand: Clone Model: NA,NA,"Core i5 4th Gen, SSD-512 GB, Ram-4GB",Core i5 4th Gen,4GB,0,512 GB,svc,UN MSN Cell,ok,Withdraw & Issue,,
89,Air HQ,Existing,Dte Sup,Desktop,Brand: Clone Model: NA,NA,"Core i3 4th Gen, HDD-1 TB, Ram-4GB",Core i3 4th Gen,4GB,1 TB,0,svc,Registry Room,ok,Withdraw & Issue,,
90,Air HQ,Existing,Dte Sup,Desktop,Brand: Clone Model: NA,NA,"Core i3 7th Gen Gen, SSD-512 GB, Ram-4GB",Core i3 7th Gen,4GB,0,512 GB,svc,C-130 Gp,ok,Withdraw & Issue,,
91,Air HQ,Existing,Dte Sup,Desktop,Brand: Clone Model: NA,NA,"Core i3 6th Gen, HDD-1 TB, SSD-120 GB, Ram-8GB",Core i3 6th Gen,8GB,1 TB,120 GB,svc,Policy Gp,ok,Withdraw & Issue,,
92,Air HQ,Existing,Dte A&W,All-in-One,Brand: Lenovo Model: Think Centre,DCOBQWLQ,"Core i3 6th Gen, Ram: 4 GB, HDD:1 TB",Core i3 6th Gen,4 GB,1 TB,0,svc,JCOIC,ok,Withdraw & Issue,,
93,Air HQ,Existing,Dte A&W,Desktop,CPU Brand & Model: Clone,NA,"Core i3 2nd Gen, Ram: 4 GB, HDD:1 TB,",Core i3 2nd Gen,4 GB,1 TB,0,U/S,Photo Gp,Withdraw,issued,,
94,Air HQ,Existing,Dte A&W,Desktop,CPU Brand & Model: Clone,NA,"Core i3 4th Gen, Ram: 2 GB, HDD:1 TB,",Core i3 4th Gen,2 GB,1 TB,0,svc,Expl Gp,ok,Withdraw & Issue,,
95,Air HQ,Existing,Dte A&W,Desktop,CPU Brand & Model: Clone,NA,"Core i3 4th Gen Ram: 4 GB, SSD: 512GB",Core i3 4th Gen,4 GB,0,512GB,R/S,F-7 Gp,ok,Withdraw & Issue,,
96,Air HQ,Existing,Dte A&W,Desktop,CPU Brand & Model: Clone,NA,"Core i3 4th Gen Ram: 4 GB, HDD: 512GB",Core i3 4th Gen,4 GB,512GB,0,svc,F-7 Gp,ok,Withdraw & Issue,,
97,Air HQ,Existing,Dte A&W,Desktop,CPU Brand & Model: Clone,NA,"Core i3 3rd Gen Ram: 2 GB, SSD: 512GB",Core i3 3rd Gen,2 GB,0,512GB,svc,EOD Room,ok,Withdraw & Issue,,
98,Air HQ,Existing,Dte A&W,Desktop,CPU Brand & Model: Clone,NA,"Core i3 4th Gen Ram: 4 GB, HDD: 512GB",Core i3 4th Gen,4 GB,512GB,0,svc,MI-17 Gp,ok,Withdraw & Issue,,
99,Air HQ,Existing,Dte A&W,Laptop,Brand: HP Nootbook Model: 14-am130TU,5CG7210DSK,"Core i5 7th Gen, RAM: 4GB, HDD: 1 TB",Core i5 7th Gen,4GB,1 TB,0,svc,SA Gp,ok,Withdraw & Issue,,
100,Air HQ,Existing,Dte A&W,Desktop,CPU Brand & Model: Clone,NA,"Core i3 4th Gen, RAM: 4 GB, SSD: 512 GB",Core i3 4th Gen,4 GB,0,512 GB,repair,F-7 Gp & Mig-29,ok,Withdraw & Issue,,
101,Air HQ,Existing,Dte A&W,Desktop,CPU Brand & Model: Clone,NA,"Core i3 4th Gen, RAM: 2 GB, SSD: 512 GB",Core i3 4th Gen,2 GB,0,512 GB,repair,UN & MI-17 Gp,Withdraw,issued,,
102,Air HQ,Existing,Dte A&W,Desktop,Clone Pc Model: H81MMLV3,NA,"Core i3 4th Gen, RAM: 2 GB, SSD: 512 GB",Core i3 4th Gen,2 GB,0,512 GB,svc,Expl Gp,ok,Withdraw & Issue,,
103,Air HQ,Existing,Dte A&W,Desktop,Clone Pc Model: H81M-DS2,NA,"Core i3 4th Gen, RAM: 2 GB, SSD: 512 GB",Core i3 4th Gen,2 GB,0,512 GB,svc,Photo Gp,ok,Withdraw & Issue,,
104,Air HQ,Existing,Dte Air Ops,All-in-One,HP EliteOne 800G323,SGH83ISVLT,Core i5 7th gen RAM: 8GB HDD: 1 TB,Core i5 7th gen,8GB,1 TB,0,svc,TPT-1_1,ok,Withdraw & Issue,,
105,Air HQ,Existing,Dte Air Ops,All-in-One,Lenovo Think Centre M7003,PC0BQWMQ,"Core i3 6th gen RAM: 4GB, HDD: 500GB",Core i3 6th gen,4GB,500GB,0,svc,Dir,ok,Withdraw & Issue,,
106,Air HQ,Existing,Dte Air Ops,Desktop,Clone,NA,"Core i3 7th gen, Ram: 4GB, HDD: 1 TB",Core i3 7th gen,4GB,1 TB,0,svc,Admin Table-2,ok,Withdraw & Issue,,
107,Air HQ,Existing,Dte Air Ops,Desktop,Clone,NA,"Core i3 7th gen, Ram: 8GB, HDD: 1 TB",Core i3 7th gen,8GB,1 TB,0,svc,Admin Table-3,ok,Withdraw & Issue,,
108,Air HQ,Existing,Dte Air Ops,Desktop,Clone,NA,"Core i3 7th gen, Ram: 4GB, HDD: 1 TB",Core i3 7th gen,4GB,1 TB,0,svc,Category Table,ok,Withdraw & Issue,,
109,Air HQ,Existing,Dte Air Ops,Desktop,Clone,NA,Core i3 4th gen Ram: 4GB HDD: 464GB,Core i3 4th gen,4GB,464GB,0,svc,Flg General,ok,Withdraw & Issue,,
110,Air HQ,Existing,Dte Air Ops,Desktop,Clone,NA,Core i3 4th gen Ram: 4GB HDD:464GB,Core i3 4th gen,4GB,464GB,0,svc,Category-1 Table,ok,Withdraw & Issue,,
111,Air HQ,Existing,Dte Air Ops,Desktop,Clone,NA,Core i3 4th gen Ram: 4GB HDD:464GB,Core i3 4th gen,4GB,464GB,0,svc,Admin Table-1,ok,Issued,,
112,Air HQ,Existing,Dte Air Ops,Desktop,Clone,NA,Core i3 7th gen Ram: 4GB SSD:512GB,Core i3 7th gen,4GB,0,512GB,svc,TPT-1_2,ok,Withdraw & Issue,,
113,Air HQ,Existing,Dte Air Ops,Desktop,HiSpeed Model: NA,NA,"Core i3 4th gen Ram: 4GB SSD-120GB, HDD: 464GB",Core i3 4th gen,4GB,464GB,120GB,svc,Log,ok,Withdraw & Issue,,
114,Air HQ,Existing,Dte C&E,Desktop,Brand: Dell. Model: Flat panel.,S/N: CU990030,"Core i3 4th gen Ram: 4GB SSD: 256GB, HDD: 500GB",Core i3 4th gen,4GB,500GB,256GB,svc,Dte C&E,ok,Withdraw & Issue,,
115,Air HQ,Existing,Dte C&E,Desktop,"Brand: Samsung, Model: B1930",S/N: CU990032,"Core i3 6th gen Ram: 8GB SSD:128GB, HDD: 1TB",Core i3 6th gen,8GB,1TB,128GB,svc,Dte C&E,ok,Withdraw & Issue,,
116,Air HQ,Existing,Dte C&E,Desktop,"Brand: HIKVISON 
Model: DS-D5022F2",S/N: CU990034,"Core i3 2nd gen Ram: 8GB SSD: 128GB, HDD: 1TB",Core i3 2nd gen,8GB,1TB,128GB,svc,Dte C&E,ok,Withdraw & Issue,,
117,Air HQ,Existing,Dte C&E,Desktop,Brand: Dell Model: E2016HVI,S/N: CU990036,"Core i3 4th gen Ram: 4GB SSD: 256GB, HDD: 1TB",Core i3 4th gen,4GB,1TB,256GB,svc,Dte C&E,ok,Withdraw & Issue,,
118,Air HQ,Existing,Dte C&E,Desktop,Brand: Samsung Model: 702781F,S/N: CU990038,"Core i3 6th gen Ram: 8GB SSD: 256GB, HDD: 512GB",Core i3 6th gen,8GB,512GB,256GB,svc,Dte C&E,ok,Withdraw & Issue,,
119,Air HQ,Existing,Dte C&E,Desktop,Brand: LG Model: Flatron E1942C,S/N: CU990040,"Core i3 4th gen Ram: 8GB SSD: 128GB, HDD: 512GB",Core i3 4th gen,8GB,512GB,128GB,svc,Dte C&E,ok,Withdraw & Issue,,
120,Air HQ,Existing,Dte C&E,Desktop,Brand: Samsung Model: Monitor,S/N: CU990041,"Core i3 3th gen Ram: 4GB SSD: 128GB, HDD: 512GB",Core i3 3th gen,4GB,512GB,128GB,svc,Dte C&E,ok,Withdraw & Issue,,
121,Air HQ,Existing,Dte C&E,Desktop,Brand: Samsung Model: S19F350HNW,S/N: CU990042,"Core i3 4th gen Ram: 8GB SSD: 256GB, HDD: 1TB",Core i3 4th gen,8GB,1TB,256GB,svc,Dte C&E,ok,Withdraw & Issue,,
122,Air HQ,Existing,Dte C&E,Desktop,"Brand: HP, Model: Pro Desk",S/N: CU990050,"Core i3 7th gen Ram: 16GB SSD: 256GB, HDD: 1TB",Core i3 7th gen,16GB,1TB,256GB,svc,Dte C&E,ok,Withdraw & Issue,,
123,Air HQ,Existing,Dte C&E,Desktop,"Brand: LG, Model: Monitor",S/N: CU990052,"Core i3 4th gen Ram: GB SSD:GB, HDD: GB",Core i3 4th gen,,0,0,svc,Dte C&E,ok,Withdraw & Issue,,
124,Air HQ,Existing,Dte C&E,Desktop,"Brand: HP, Model: Pro Desk",S/N: CU990053,"Core i3 8th gen Ram: 8GB SSD: 256GB, HDD: 1TB",Core i3 8th gen,8GB,1TB,256GB,svc,Dte C&E,ok,Withdraw & Issue,,
125,Air HQ,Existing,Dte C&E,All-in-One,"Brand: HP, Model: Elit One",S/N: CU990054,"Core i5 7th gen Ram: 8GB SSD: 256GB, HDD: 1TB",Core i5 7th gen,8GB,1TB,256GB,svc,Dte C&E,ok,Withdraw & Issue,,
126,Air HQ,Existing,Dte C&E,All-in-One,"Brand: HP, Model: 20R0191",S/N: CU990061,Core i5 4th gen Ram: 8GB SSD: 512GB,Core i5 4th gen,8GB,0,512GB,svc,Dte C&E,ok,Withdraw & Issue,,
127,Air HQ,Existing,Dte C&E,All-in-One,"Brand: HP, Model: 20R0381",S/N: CU990062,Core i3 5th gen Ram: 8GB SSD: 512GB,Core i3 5th gen,8GB,0,512GB,svc,Dte C&E,ok,Withdraw & Issue,,
128,Air HQ,Existing,Dte C&E,Desktop,Brand: Hp Model: V194,S/N: CU990069,"Core i3 8th gen Ram: 8GB SSD: 256GB, HDD: 512GB",Core i3 8th gen,8GB,512GB,256GB,svc,Dte C&E,ok,Withdraw & Issue,,
129,Air HQ,Existing,Dte C&E,All-in-One,Brand: HP Model: Elit One,S/N: CU990058,"Core i5 8th gen, Ram: GB, SSD:GB, HDD: GB",Core i5 8th gen,,0,0,svc,Dte C&E,ok,Withdraw & Issue,,
130,Air HQ,Existing,Dte C&E,All-in-One,Brand: HP Model: Elit One,S/N: CU990059,Core i5 7th gen Ram: 8GB SSD: 512GB,Core i5 7th gen,8GB,0,512GB,svc,Dte C&E,ok,Withdraw & Issue,,
131,Air HQ,Existing,Dte C&E,All-in-One,Brand: HP Model: Elit One,S/N: CU990060,"Core i5 4th gen Ram: 8GB SSD: 512GB, HDD: 512GB",Core i5 4th gen,8GB,512GB,512GB,svc,Dte C&E,ok,Withdraw & Issue,,
132,Air HQ,Existing,Dte C&E,All-in-One,Brand: HP Model: Elit One,S/N: CU990066,"Core i5 7th gen Ram: 8GB SSD: 256GB, HDD: 1TB",Core i5 7th gen,8GB,1TB,256GB,svc,Dte C&E,ok,Withdraw & Issue,,
133,Air HQ,Existing,Dte AC,All-in-One,Brand: HP,SGH831SVLM,Core i5 7th Gen,Core i5 7th Gen,,0,0,svc,SSO,ok,Withdraw & Issue,,
134,Air HQ,Existing,Dte AC,All-in-One,Brand: HP,SGH820SQ63,"Core i5 7th Gen, RAM 8 GB, HDD- 1 TB",Core i5 7th Gen,8 GB,1 TB,0,svc,Director,ok,Withdraw & Issue,,
135,Air HQ,Existing,Dte AC,Desktop,Brand: Clone,NA,"Core i3 4th Gen, RAM 8 GB, SSD- 512 GB",Core i3 4th Gen,8 GB,0,512 GB,svc,Estb,ok,Withdraw & Issue,,
136,Air HQ,Existing,Dte AC,Desktop,Brand: Clone,NA,"Core i3 4th Gen, RAM 4 GB, HDD- 512 GB",Core i3 4th Gen,4 GB,512 GB,0,svc,Regulation,ok,Withdraw & Issue,,
137,Air HQ,Existing,Dte AC,Desktop,Clone,NA,"Core i3 3rd Gen, RAM  2 GB, SSD- 128 GB, HDD-512 GB",Core i3 3rd Gen,2 GB,512 GB,128 GB,svc,O/R,ok,Withdraw & Issue,,
138,Air HQ,Existing,BAF RO,All-in-One,HP EliteOne,SGH820SQ5Y,"Core i5 7th Gen, RAM: 8GB, HDD:1B",Core i5 7th Gen,8GB,0,0,svc,Docu-3,,Not Issued,ok for win 10,
139,Air HQ,Existing,BAF RO,All-in-One,Brand: HP Model: Pro One 400 G6 20,SGH82OSQ3Q,Core i5 7th gen RAM: 8GB HDD: 1 TB,Core i5 7th gen,8GB,1 TB,0,svc,Tech liaison,,Not Issued,ok for win 10,
140,Air HQ,Existing,BAF RO,Desktop,CPU Brand: Clone Monitor Brand: Dell Model: 1918H0 Ser: CN-0GC2RW-B0Z00-1B9-0Y-PE-A10,N/A,"Core i3 4th Gen, RAM: 4 GB, HDD: 500GB",Core i3 4th Gen,4 GB,500GB,0,svc,Orderly Room,,Issued,,
141,Air HQ,Existing,BAF RO,Desktop,CPU Brand: Clone Monitor Brand: Dell Model: Ser: CN0GC2RW-V0Z00-13J-5GZE-A08,N/A,"Core i3 7th Gen, RAM: 4 GB, SSD: 250GB",Core i3 7th Gen,4 GB,0,250GB,svc,Pension liaison,,Not Issued,ok for win 10,
142,Air HQ,Existing,BAF RO,Desktop,CPU Brand: Clone Monitor Brand: HP Model: HPLV1911 Ser: 3CQ85019FPS,N/A,"Core i3 3rd Gen, RAM: 4 GB, SSD: 500GB",Core i3 3rd Gen,4 GB,0,500GB,svc,Pension liaison,,Issued,,
143,Air HQ,Existing,BAF RO,Desktop,CPU Brand: Clone Monitor Brand: HP Model: V194 Ser: 3CQ8510XZ4,N/A,"Core i3 4th Gen, RAM: 4 GB, HDD: 500GB",Core i3 4th Gen,4 GB,500GB,0,svc,Pension,,Issued,,
144,Air HQ,Existing,BAF RO,Desktop,CPU Brand: Clone Monitor Brand: LG Model: 19M38A Ser: 6091NQU3N612,N/A,"Core i3 4th Gen, RAM: 2GB, HDD: 500GB",Core i3 4th Gen,2GB,500GB,0,svc,Med State,,Issued,,
145,Air HQ,Existing,BAF RO,Desktop,CPU Brand: Clone Monitor Brand: LG Model: 19M38A-B Ser: 6081NFK4A283,N/A,"Core i3 3rd Gen, RAM: 4 GB, HDD: 360GB",Core i3 3rd Gen,4 GB,360GB,0,svc,Docu-3,,Issued,,
146,Air HQ,Existing,BAF RO,Desktop,CPU Brand: Clone Monitor Brand: Max Pac Model: 98SE Ser: M11C5298AX00099,N/A,"Core i3 4th Gen, RAM: 2GB, HDD: 500GB",Core i3 4th Gen,2GB,500GB,0,svc,Tech liaison,,Issued,,
147,Air HQ,Existing,BAF RO,Desktop,CPU Brand: Clone Monitor Brand: Samsung Model: BS19V150V Ser: ZWNTHMCC704537V,N/A,"Core i3 7th Gen, RAM: 8GB, HDD: 1 TB",Core i3 7th Gen,8GB,1 TB,0,svc,Docu-04,,Not Issued,ok for win 10,
148,Air HQ,Existing,BAF RO,Desktop,CPU Brand: Clone Monitor Brand: Samsung Model: S19C170B Ser: MRCYHCF100208Y,N/A,"Core i3 6th Gen, RAM: 4GB, HDD: 1 TB",Core i3 6th Gen,4GB,1 TB,0,svc,Tech liaison,,Not Issued,ok for win 10,
149,Air HQ,Existing,BAF RO,Desktop,CPU Brand: Clone Monitor Brand: Samsung Model: S19D300N1 Ser: ZZ9IH4LG501707N,N/A,"Core i3 4th Gen, RAM: 4GB, HDD: 500GB",Core i3 4th Gen,4GB,500GB,0,svc,Docu I & II,,Issued,,
150,Air HQ,Existing,BAF RO,Desktop,CPU Brand: Clone Monitor Brand: Samsung Model: S19D300NY Ser: G05XHYCF702527N,N/A,"Core i3 2nd Gen, RAM: 4 GB, SSD: 250GB",Core i3 2nd Gen,4 GB,0,250GB,svc,Docu-04,,Issued,,
151,Air HQ,Existing,BAF RO,Desktop,CPU Brand: Clone Monitor Brand: Samsung Model: S19D300NY Ser: NESUHMCD400923P,N/A,"Core i3 6th Gen, RAM: 4GB, HDD: 500GB",Core i3 6th Gen,4GB,500GB,0,svc,Tech liaison,,Not Issued,ok for win 10,
152,Air HQ,Existing,BAF RO,Desktop,CPU Brand: Clone Monitor Brand: Samsung Model: S19D300NY Ser: ZZ91H4LG503442W,N/A,"Core i7 4th Gen, RAM: 8GB, SSD: 250GB",Core i7 4th Gen,8GB,0,250GB,svc,CPS,,Issued,,
153,Air HQ,Existing,BAF RO,Desktop,CPU Brand: Samsung Monitor Brand: HP Model: HP-V193 S/N: 3CQ0150SLB,N/A,"Core i3 4TH Gen, RAM: 4 GB, SSD: 500GB",Core i3 4TH Gen,4 GB,0,500GB,svc,OC PA,,Issued,,
154,Air HQ,Existing,BAF RO,Desktop,CPU Brand: Clone Monitor Brand: ACER Ser: 33209791842,N/A,"Core i3 6th gen GB RAM:4 GB, HDD:1 TB",Core i3 6th gen,4 GB,1 TB,0,svc,Tech liaison,,Not Issued,ok for win 10,
155,Air HQ,Existing,BAF RO,Desktop,CPU Brand: Monitor Brand: Samsung Model: LS19C170BSQND Ser no: 0A04HYCF400814F,N/A,"Core i3 7th gen GB RAM:4 GB, HDD: 500GB",Core i3 7th gen,4 GB,500GB,0,svc,Pension Sec,,Not Issued,ok for win 10,
156,Air HQ,Existing,BAF RO,Desktop,CPU Brand: Clone Monitor Brand: HP Model: V193 Ser: 3CQ4443732,N/A,"Core i3 4TH Gen, RAM: 4 GB, SSD: 256GB",Core i3 4TH Gen,4 GB,0,256GB,svc,Pension liaison,,Issued,,
157,Air HQ,Existing,BAF RO,Desktop,CPU Brand: Clone Monitor Brand: LG Model: 19M38A Ser: 6091NAR3N408,N/A,"Core i3 7th gen GB RAM:4 GB, HDD: 500GB",Core i3 7th gen,4 GB,500GB,0,svc,MODC Record Sec,,Not Issued,ok for win 10,
158,Air HQ,Existing,Air HQ (U),Desktop,Brand: Dell Model: E1914H,CN-OXOT477,"Core i3 3rd Gen, RAM: 4GB, SSD: 240GB",Core i3 3rd Gen,4GB,0,240GB,svc,MODC Flt,,Not Issued,,
159,Air HQ,Existing,Air HQ (U),Desktop,Brand: Dell Model: E1914H,OXOT4k72872-528A958,"Core i3 3rd Gen, RAM:2GB",Core i3 3rd Gen,2GB,0,0,R/S,MODC Flt,,Not Issued,,
160,Air HQ,Existing,Air HQ (U),Desktop,CPU Brand: Clone Monitor Brand/Model: Dell CN-OMIG18-72872-494GNYI,NA,"Intel Core  i3 4th Gen, RAM:4GB, SSD: 256 GB",Core  i3 4th Gen,4GB,0,256 GB,svc,MT Ops Flt (MT Store),,Issued,,
161,Air HQ,Existing,Air HQ (U),Desktop,CPU Brand: Clone Monitor Brand/Model: Dell CN-OMIG18-72872-494GNYI,Monitor Brand/Model: Dell CN-OMIG18-72872-494GNYI,"Intel(R) Core (TM) i3 4th Gen, RAM: 4 GB, HDD: 512 GB",Intel(R) Core (TM) i3 4th Gen,4 GB,512 GB,0,svc,MT Ops Flt (OR/MT),,Issued,,
162,Air HQ,Existing,Air HQ (U),Desktop,CPU Brand: Clone Monitor Brand/Model: Dell CN-OMIG18-64180561IK9T,Monitor Brand/Model: Dell CN-OMIG18-64180561IK9T,"Intel Core i3 9th Gen, RAM: 4 GB, SSD: 128 GB, HDD: 1 TB.",Core i3 9th Gen,4 GB,1 TB,128 GB,svc,MT Ops Flt(OR/MT),,Not Issued,ok for win 10,
163,Air HQ,Existing,Air HQ (U),Desktop,CPU Brand: Clone Monitor Brand/Model: Dell CN-OMIG18-72872-494GNYI,9KK5ZL2,"Intel Core i3 7th Gen,, RAM: 4 GB HDD: 1TB",Core i3 7th Gen,4 GB,1TB,0,svc,MT Ops Flt (MT Rec),,Not Issued,ok for win 10,
164,Air HQ,Existing,Air HQ (U),Desktop,CPU Brand: Samsung Monitor Brand/Model: Samsung S19D300NY,Monitor S/N: ZZ91H4LG501346T,"Intel Core i3 4th Gen, RAM: 4.00 GB, SSD: 256 GB, HDD: 1 TB.",Core i3 4th Gen,,1 TB,256 GB,svc,MT R&I Flt,,Issued,,
165,Air HQ,Existing,Air HQ (U),Desktop,Monitor Brand/model: Dell D1918Ho G064HYCFA0038 CPU Brand: SAN,Monitor S/N: G064HYCFA0038,"Core i3 4th Gen, RAM: 4GB, SSD: 466 GB,",Core i3 4th Gen,4GB,0,466 GB,svc,P Flt (P3 Mov),,Issued,,
166,Air HQ,Existing,Air HQ (U),Desktop,Monitor Brand/model: Samsung S19D3000NY CPU Brand: Samsung,Monitor S/N: G064HYCFA00155M,"Core i3 4th Gen, RAM: 4GB, HDD: 512 GB",Core i3 4th Gen,4GB,512 GB,0,svc,P Flt (POR Sec),,Not Issued,,
167,Air HQ,Existing,Air HQ (U),Desktop,Monitor Brand/Model: Samsung S19D300NY,Monitor S/N: CM17H9FS418931R,"Core i3 8th gen, RAM: 4 GB, HDD: 1 TB",Core i3 8th gen,4 GB,1 TB,0,svc,PA to AOC,Ok,Not Issued,,
168,Air HQ,Existing,Air HQ (U),Desktop,Monitor Brand/model: Samsung S19D3000NY MRCYHYCF100350L CPU Brand: SAN,Monitor S/N: MRCYHYCF100350L,"Core i3 4th gen, RAM: 4 GB, HDD: 1 TB",Core i3 4th gen,4 GB,1 TB,0,svc,P Flt (P3/Docs),,Not Issued,,
169,Air HQ,Existing,Air HQ (U),Desktop,Monitor: LG: 609INLB3Z976 CPU Brand: SPACE,Monitor S/N: LG: 609INLB3Z976,"Core i3 4th, gen, RAM: 4 GB, HDD: 1 TB",Core i3 4th,4 GB,1 TB,0,svc,P Flt (PSI Fund),,Not Issued,,
170,Air HQ,Existing,Air HQ (U),Desktop,Monitor: Samsung S19D300NY G05XHYCF702655M CPU Brand: Hi-Power,Monitor S/N: G05XHYCF702655M,"Core i3 8th gen, RAM: 4 GB, HDD: 1 TB",Core i3 8th gen,4 GB,1 TB,0,svc,P Flt (P-1 Sec),Ok,Not Issued,,
171,Air HQ,Existing,Air HQ (U),Desktop,Monitor: Samsung S19D300NY ZZA3H4LGCO1613M CPU Brand: Hi-Power,Monitor S/N: ZZA3H4LGCO1613M,"Core i3 9th gen, RAM: 4 GB, HDD: 1 TB",Core i3 9th gen,4 GB,1 TB,0,svc,P Flt (P-1 Sec),Ok,Not Issued,,
172,Air HQ,Existing,Air HQ (U),Desktop,Brand: Clone Model:19EN33SA,LG Monitor,"Core i3, 10th Gen, 3.60GHz, RAM:4GB, HDD-1TB",Core i3,4GB,1TB,0,svc,Unit Accts (Pay Sec) CPL Jony,Ok,Not Issued,,
173,Air HQ,Existing,Air HQ (U),Desktop,Brand: Clone Model:19M38A,Monitor S/N: 605INEW32884,"Core (tm)2, 3.00GHz, RAM:6GB, HDD-320GB",Core (tm)2,6GB,320GB,0,svc,Unit Accts (Recovery Sec),,Not Issued,,
174,Air HQ,Existing,Air HQ (U),Desktop,Brand: Clone Model:S-19D300NY,Monitor S/N: G05XITYCF02679A,"Core Pentium Dual-Core CPU, 2.49GHz, RAM: 2 GB, HDD 512GB",Pentium Dual-Core CPU,2 GB,512GB,0,svc,Unit Accts(cps),,Not Issued,,
175,Air HQ,Existing,Air HQ (U),Desktop,Brand: Clone Model:S-19D300NY,Monitor S/N: G05XHYCF702747,"Core i3 9th, 3.60GHz, RAM:4GB, HDD-512 GB",Core i3 9th,4GB,512 GB,0,svc,"(Unit Accts) Pay Sec, Monitor problem",,Not Issued,,
176,Air HQ,Existing,Air HQ (U),Desktop,Brand: Clone Model: V194,Monitor S/N: 3CQ0231MON,"Core i5,7th 3.00GHz, RAM:8GB, SSD-256 GB",Core i5,8GB,0,256 GB,svc,Unit Accts (Bill Sec),,Not Issued,,
177,Air HQ,Existing,Air HQ (U),Desktop,Brand: Clone Model: V194,Monitor S/N: 3CQ0170M2F,"Core i3 2nd, 3.30GHz, RAM:4GB, HDD-1TB, SSD: 128 GB",Core i3 2nd,4GB,1TB,128 GB,svc,Unit Accts (Eqp Sec),,Not Issued,,
178,Air HQ,Existing,Air HQ (U),All-in-One,EliteOne H800G3,820582-006,"Intel(R) Corei5 7th gen, RAM: 8GB, HDD: 1 TB",Intel(R) Corei5 7th gen,8GB,1 TB,0,svc,Unit Sup (OIC SUP),,Not Issued,ok for win 10,
179,Air HQ,Existing,Air HQ (U),Desktop,HP Clone & 854133-001,NA,"Intel(R) Corei3, 7th, 3.0GHZ, RAM: 4 GB, SSD: 128 GB, HDD: 1 TB.",Intel(R) Corei3,4 GB,1 TB,128 GB,svc,Unit Sup (T/Store),,Not Issued,,
180,Air HQ,Existing,Air HQ (U),Desktop,HP Clone & 3CQ0170K8H,NA,"Intel(R) Corei3, 10th , CPU, 3.60GHZ, RAM: 4 GB, SSD: 128 GB, HDD: 1TB.",Intel(R) Corei3,4 GB,1TB,128 GB,svc,Unit Sup (LP),,Not Issued,,
181,Air HQ,Existing,Air HQ (U),Desktop,Samsung Clone & G05XHYCF702805Z,NA,"Intel(R) Corei3, 3rd Gen, CPU 3.60GHZ, RAM: 4 GB, SSD:128, HDD: 1 TB",Intel(R) Corei3,4 GB,1 TB,0,svc,Unit Sup (LP),,Not Issued,,
182,Air HQ,Existing,Air HQ (U),Desktop,"Brand: HP, Model: V194",3CQ812265M,"Core i3-4150 RAM 4 GB, SSD: 512 GB",Core i3-4150 RAM 4 GB,4 GB,0,512 GB,svc,Unit Sy Flt,,Not Issued,,
183,Air HQ,Existing,Air HQ (U),Desktop,"Brand: LG, Model: 19M38A",609INDP3N378,"(R) Core i3-6098 RAM 4 GB, SSD: 512 GB",(R) Core i3-6098 RAM 4 GB,4 GB,0,512 GB,svc,Unit Sy Flt,,,ok for win 10,
184,Air HQ,Existing,Air HQ (U),Desktop,CPU Brand: SAN Monitor Brand/ Model: SAMSUNG S19D300NY,NA,"Core i3 4th gen, RAM: 2GB, SSD: 128GB",Core i3 4th gen,2GB,0,128GB,svc,Wks Flt,,Not Issued,,
185,Air HQ,Existing,Air HQ (U),Desktop,CPU Brand: Clone,NA,"Core i3 9th gen, RAM: 4 GB, HDD: 1 TB",Core i3 9th gen,4 GB,1 TB,0,svc,Civil Admin,Ok,Not Issued,,
186,Air HQ,Existing,Air HQ (U),All-in-One,Brand HP,8CC9332JWK,"Core i5 8th gen, RAM: 4 GB, SSD: 512 GB",Core i5 8th gen,4 GB,0,512 GB,svc,Unit Sy Flt (Reciption),Ok,,Ok for Win 11,
187,Air HQ,Existing,Air HQ (U),Desktop,"Brand Dell, Model F2015HVF",CNOM1G18-72872-494-DH81,"Core i3 6th gen, RAM: 4 GB, SSD: 512 GB",Core i3 6th gen,4 GB,0,512 GB,svc,Unit Sy Flt (Pass Sec),,,ok for win 10,
188,Air HQ,Existing,Air HQ (U),All-in-One,"Brand: HP, Model: HP 200 Pro G422",8CC1420PHR,Core i5 10th gen RAM:8GB SSD: 512GB,Core i5 10th gen,8GB,0,512GB,svc,GST & Sports Flt,,,AD Given,
189,Air HQ,Existing,Air HQ (U),Desktop,Clone,N/A,Core i3 10th gen RAM:4GB SSD: 128GB HDD: 300GB,Core i3 10th gen,4GB,300GB,128GB,svc,GST & Sports Flt,,Not Issued,,
190,Air HQ,Existing,Air HQ (U),All-in-One,"Brand: HP, Model: HP Pro One 240",8CC3241FTY,Core i5 12th gen RAM:8GB SSD: 512GB,Core i5 12th gen,8GB,0,512GB,svc,OIC MT,,,AD Given,
191,Air HQ,Existing,Air HQ (U),All-in-One,Brand: Lenovo IdeaCenter,N/A,Core i5 13th gen RAM:16GB SSD: 512GB,Core i5 13th gen,16GB,0,512GB,svc,MT R&I Flt,,,,
192,Air HQ,Existing,Air HQ (U),All-in-One,Brand: Lenovo IdeaCenter,N/A,Core i5 13th gen RAM:16GB SSD: 512GB,Core i5 13th gen,16GB,0,512GB,svc,O/R MT,,,AD Given,
193,Air HQ,Existing,Air HQ (U),All-in-One,Dell Optiplex 3280,WZ1B001,Core i5 10th gen RAM:16GB HDD: 512GB,Core i5 10th gen,16GB,512GB,0,svc,URO sec,,,,
194,Air HQ,Existing,Air HQ (U),All-in-One,HP All in One 22 HP 22C005OD,8CC9332JY3,Core i5 8th gen RAM:4GB HDD: 1TB SSD: 128 GB,Core i5 8th gen,4GB,1TB,128 GB,svc,P2 Sec,Ok,,,
195,Air HQ,Existing,Air HQ (U),All-in-One,HP EliteOne TPC-Q054-23,8CC0041ZM0,Core i5 9th gen RAM:8GB HDD: 1TB,Core i5 9th gen,8GB,1TB,0,svc,P2 Sec,,,AD Given,
196,Air HQ,Existing,Air HQ (U),All-in-One,HP EliteOne TPC-Q054-23,8CC9121L3L,Core i5 8th gen RAM:8GB HDD: 1TB,Core i5 8th gen,8GB,1TB,0,svc,OC Admin,,,AD Given,
197,Air HQ,Existing,Air HQ (U),All-in-One,HP EliteOne TPC-Q054-23,8CC00412L5,Core i5 9th gen RAM:8GB HDD: 1TB,Core i5 9th gen,8GB,1TB,0,svc,P1 Sec,,,,
198,Air HQ,Existing,Air HQ (U),All-in-One,HP TPC-Q0858-24,8CC3241FLW,Core i5 12th gen RAM:8GB SSD: 512 GB,Core i5 12th gen,8GB,0,512 GB,svc,P Flt,,,,
199,Air HQ,Existing,Air HQ (U),All-in-One,Lenovo Idea Centre,MP2ATMKM,Core i5 13th gen RAM:16GB SSD: 512 GB,Core i5 13th gen,16GB,0,512 GB,svc,P-1 Sec,,,AD Given,
200,Air HQ,Existing,Air HQ (U),All-in-One,Lenovo Idea Centre,MP2ATMNR,Core i5 13th gen RAM:16GB SSD: 512 GB,Core i5 13th gen,16GB,0,512 GB,svc,PSI,,,AD Given,
201,Air HQ,Existing,Air HQ (U),All-in-One,Lenovo Idea Centre,MP2ATHVR,Core i5 13th gen RAM:16GB SSD: 512 GB,Core i5 13th gen,16GB,0,512 GB,svc,Cen Reg,,,,
202,Air HQ,Existing,Air HQ (U),Desktop,Clone,N/A,Core i3 10th gen RAM:8GB HDD: 1TB,Core i3 10th gen,8GB,1TB,0,svc,WOIC P3,,,,
203,Air HQ,Existing,Air HQ (U),Desktop,Clone,N/A,Core i3 10th gen RAM:4GB HDD: 1TB,Core i3 10th gen,4GB,1TB,0,svc,P Flt,ok,,AD Given,
204,Air HQ,Existing,Air HQ (U),All-in-One,HP 22-dd0002nh,N/A,Core i5 RAM: 8GB HDD: 1TB,Core i5 RAM: 8GB HDD: 1TB,8GB,1TB,0,svc,U/S,,,,
205,Air HQ,Existing,Air HQ (U),All-in-One,HP EliteOne 800GS,58CC0090HRW,Core i5 9th gen RAM:8GB HDD: 1TB,Core i5 9th gen,8GB,1TB,0,svc,"Audit Sec, Unit Accts",,,AD Given,
206,Air HQ,Existing,Air HQ (U),All-in-One,HP EliteOne 800GS,8CC0041ZL5,Core i5 9th gen RAM:8GB HDD: 1TB,Core i5 9th gen,8GB,1TB,0,svc,Foreign TA/DA,,,AD Given,
207,Air HQ,Existing,Air HQ (U),All-in-One,HP EliteOne 800GS,8CC004121A,Core i5 9th gen RAM:8GB HDD: 1TB,Core i5 9th gen,8GB,1TB,0,svc,Pay Sec,,,AD Given,
208,Air HQ,Existing,Air HQ (U),All-in-One,HP Pro One 240,8CC3241FQK,Core i5 12th gen RAM:8GB SSD: 512 GB,Core i5 12th gen,8GB,0,512 GB,svc,TA/DA,,,AD Given,
209,Air HQ,Existing,Air HQ (U),All-in-One,Lenovo Idea Centre,7.79E+12,Core i5 13th gen RAM:8GB SSD: 512 GB,Core i5 13th gen,8GB,0,512 GB,svc,CPS,,,AD Given,
210,Air HQ,Existing,Air HQ (U),Desktop,Clone,N/A,Core i3 4th gen RAM:4GB HDD: 466GB,Core i3 4th gen,4GB,466GB,0,svc,TA/DA,,,,
211,Air HQ,Existing,Air HQ (U),Desktop,Clone,N/A,Core i3 RAM:2GB HDD: 512GB,Core i3 RAM:2GB HDD: 512GB,2GB,512GB,0,svc,Cash,,,,
212,Air HQ,Existing,Air HQ (U),Desktop,Clone,N/A,Core i5 10th gen RAM:8GB SSD: 512GB,Core i5 10th gen,8GB,0,512GB,svc,Foreign TA/DA,,,,
213,Air HQ,Existing,Air HQ (U),Desktop,Clone,N/A,Core i3 6th gen RAM:4GB HDD: 465 GB,Core i3 6th gen,4GB,465 GB,0,svc,Unit Accts,,,,
214,Air HQ,Existing,Air HQ (U),All-in-One,HP pro 200G422,8CC1420P9C,Core i5 10th gen RAM:8GB SSD: 512 GB,Core i5 10th gen,8GB,0,512 GB,svc,LP,,,,
215,Air HQ,Existing,Air HQ (U),All-in-One,HP Pro One 240,8CC324E84,Core i5 12th gen RAM:6GB SSD: 512 GB,Core i5 12th gen,6GB,0,512 GB,svc,Store,,,,
216,Air HQ,Existing,Air HQ (U),All-in-One,Lenovo Idea Centre,MP2ATMMC,Core i5 13th gen RAM:8GB SSD: 512 GB,Core i5 13th gen,8GB,0,512 GB,svc,LP,,,,
217,Air HQ,Existing,Air HQ (U),Desktop,Clone,N/A,Core i3 8th gen RAM:8GB SSD: 128 GB HDD: 1TB,Core i3 8th gen,8GB,1TB,128 GB,svc,LP,,,,
218,Air HQ,Existing,Air HQ (U),Desktop,Clone,N/A,Core i3 8th gen RAM:8GB SSD: 128 GB HDD: 1TB,Core i3 8th gen,8GB,1TB,128 GB,svc,LP,,,,
219,Air HQ,Existing,Air HQ (U),Desktop,Clone,N/A,Core i5 8th gen RAM:4GB HDD: 1TB,Core i5 8th gen,4GB,1TB,0,svc,Admin,,,,
220,Air HQ,Existing,Air HQ (U),All-in-One,Lenovo Idea Centre,4LT0QVK7,Core i7 12th gen RAM:16GB SSD: 512 GB,Core i7 12th gen,16GB,0,512 GB,svc,OIC Sy Flt,,,,
221,Air HQ,Existing,Air HQ (U),Desktop,Clone,N/A,Core i3 9th gen RAM:4GB HDD: 1TB,Core i3 9th gen,4GB,1TB,0,svc,Civil Admin,,,,
222,Air HQ,Existing,Air HQ (U),All-in-One,HP Pro One 240,8CC3241FQO,Core i5 12th gen RAM:8GB SSD: 512 GB,Core i5 12th gen,8GB,0,512 GB,svc,UWO,,,,
223,Air HQ,Existing,Air HQ (U),All-in-One,HP Pro One 240,8CC3241FQO,Core i5 12th gen RAM:8GB SSD: 512 GB,Core i5 12th gen,8GB,0,512 GB,svc,UWO,,,,
224,Air HQ,Existing,BAF Comm Unit,All-in-One,Brand: HP Model: Pro One 400 G6 20,5CD1492426,Core i5 7th gen RAM: 8GB HDD: 1 TB,Core i5 7th gen,8GB,1 TB,0,svc,Adjutant,,Not Issued,ok for win 10,
225,Air HQ,Existing,BAF Comm Unit,All-in-One,Brand: Lenovo,MP2B14MV,Core i5 13th gen RAM: 16GB SSD: 512GB,Core i5 13th gen,16GB,0,512GB,svc,Inventory Room,,Not Issued,,
226,Air HQ,Existing,BAF Comm Unit,Desktop,Clone,N/A,Core i3 10th gen RAM: 16GB HDD: 512GB SSD: 512GB,Core i3 10th gen,16GB,512GB,512GB,svc,Inventory Room,,Not Issued,,
227,Air HQ,Existing,BAF Comm Unit,All-in-One,Brand: HP,8CC3241FQZ,Core i5 12th gen RAM: 8GB SSD: 512GB,Core i5 12th gen,8GB,0,512GB,svc,PABX,,Not Issued,,
228,Air HQ,Existing,BAF Comm Unit,All-in-One,Brand: HP,8CC20218DV,Core i5 11th gen RAM: 8GB SSD: 512GB,Core i5 11th gen,8GB,0,512GB,svc,PABX,,Not Issued,,
229,Air HQ,Existing,BAF Comm Unit,All-in-One,Brand: HP,SGH820SQ7W,Core i5 7th gen RAM: 8GB SSD: 512GB,Core i5 7th gen,8GB,0,512GB,svc,PABX,,Not Issued,ok for win 10,
230,Air HQ,Existing,BAF Comm Unit,All-in-One,Brand: HP,N/A,Core i5 7th gen RAM: 8GB HDD: 1TB,Core i5 7th gen,8GB,1TB,0,svc,PABX,,Not Issued,ok for win 10,
231,Air HQ,Existing,BAF Comm Unit,All-in-One,Brand: Lenovo,MP2B14MN,Core i5 13th gen RAM: 16GB SSD: 512GB,Core i5 13th gen,16GB,0,512GB,svc,WOIC PABX,,Not Issued,,
232,Air HQ,Existing,BAF Comm Unit,All-in-One,Brand: Lenovo,MP2B14K2,Core i5 13th gen RAM: 16GB SSD: 512GB,Core i5 13th gen,16GB,0,512GB,U/S,PABX,,Not Issued,Display problem,
233,Air HQ,Existing,BAF Comm Unit,All-in-One,Brand: Lenovo,MP2B19WP,Core i5 13th gen RAM: 16GB SSD: 512GB,Core i5 13th gen,16GB,0,512GB,svc,Signal Center,,Not Issued,,
234,Air HQ,Existing,BAF Comm Unit,All-in-One,Brand: HP,8CC1420P5G,Core i5 10th gen RAM:8GB SSD: 512GB,Core i5 10th gen,8GB,0,512GB,svc,Bills & Records,,Not Issued,AD given,
235,Air HQ,Existing,BAF Comm Unit,All-in-One,Brand: HP,8CC0041ZNK,Core i5 9th gen RAM: 8GB SSD: 512GB,Core i5 9th gen,8GB,0,512GB,svc,Bills & Records,,Not Issued,,
236,Air HQ,Existing,BAF Comm Unit,All-in-One,Brand: HP,8CC9121253,Core i5 8th gen RAM: 8GB HDD: 1TB,Core i5 8th gen,8GB,1TB,0,svc,JCOIC Comm Sqn,,Not Issued,,
237,Air HQ,Existing,BAF Comm Unit,Desktop,Clone,N/A,Core i5 8th gen RAM: 8GB SSD: 512GB,Core i5 8th gen,8GB,0,512GB,svc,JCOIC Comm Sqn Room,,Not Issued,,
238,Air HQ,Existing,BAF Comm Unit,Desktop,Clone,N/A,Core i3 7th gen RAM: 8GB HDD: 512GB,Core i3 7th gen,8GB,512GB,0,svc,UWO,,Not Issued,ok for win 10,
239,Air HQ,Existing,BAF Comm Unit,All-in-One,Brand: HP,8CC1420PDV,Core i5 10th gen RAM:8GB SSD: 512GB,Core i5 10th gen,8GB,0,512GB,svc,Fault Control,,Not Issued,,
240,Air HQ,Existing,BAF Comm Unit,Desktop,Clone,N/A,Core i3 10th gen RAM: 8GB HDD: 298GB SSD: 128GB,Core i3 10th gen,8GB,298GB,128GB,svc,Fault Control,,Not Issued,,
241,Air HQ,Existing,BAF Comm Unit,Desktop,Clone,N/A,"Core i3 8th gen, RAM: 4 GB, HDD: 1TB",Core i3 8th gen,4 GB,1TB,0,svc,O/R,ok,Not Issued,,
242,Air HQ,Existing,BAF Comm Unit,Desktop,Clone,N/A,"Core i3 8th gen, RAM: 4 GB, SSD: 128GB HDD: 512 GB",Core i3 8th gen,4 GB,512 GB,128GB,svc,O/R,ok,Not Issued,,
243,Air HQ,Existing,BAF Comm Unit,All-in-One,Brand: HP,8CC9332JWD,"Core i5 8th gen, RAM: 8 GB, SSD: 128GB SSD: 512 GB",Core i5 8th gen,8 GB,0,128GB,svc,PA to OC,,Not Issued,,
244,Air HQ,Existing,ADOC,Desktop,Brand: HP,8CC9121L47,"Core i5 8th gen, RAM:8 GB, SSD:512 GB",Core i5 8th gen,8 GB,0,512 GB,svc,Tech Room,,Not Issued,,
245,Air HQ,Existing,ADOC,Desktop,Clone,N/A,Core i3 4th gen RAM: 2GB HDD: 1TB,Core i3 4th gen,2GB,1TB,0,svc,Tech Room,,Not Issued,,
246,Air HQ,Existing,ADOC,Desktop,Clone,N/A,Core i7 7th gen RAM: 8GB HDD: 1TB,Core i7 7th gen,8GB,1TB,0,svc,Trg Flt,,Not Issued,ok for win 10,
247,Air HQ,Existing,ADOC,Desktop,Clone,N/A,Core i3 8th gen RAM: 4GB SSD: 512GB,Core i3 8th gen,4GB,0,512GB,svc,O/R,,Not Issued,,
248,Air HQ,Existing,ADOC,Desktop,Clone,N/A,Core i7 8th gen RAM: 8GB SSD: 512GB,Core i7 8th gen,8GB,0,512GB,svc,O/R,,Not Issued,,
249,Air HQ,Existing,ADOC,Desktop,Brand: Dell,49SZPM2,Core i7 7th gen RAM: 8GB HDD: 1TB,Core i7 7th gen,8GB,1TB,0,svc,Adjt,,Not Issued,ok for win 10,
250,Air HQ,Existing,ADOC,Desktop,Clone,N/A,Core i7 8th gen RAM: 8GB SSD: 512GB,Core i7 8th gen,8GB,0,512GB,svc,Adjt,,Not Issued,,
251,Air HQ,Existing,ADOC,Desktop,Clone,N/A,Core i3 10th gen RAM: 4GB HDD: 1TB,Core i3 10th gen,4GB,1TB,0,svc,Adjt,,Not Issued,,
252,Air HQ,Existing,ADOC,Desktop,Clone,N/A,Core i3 6th gen RAM: 4GB HDD: 512GB,Core i3 6th gen,4GB,512GB,0,svc,PA to OC,,Not Issued,ok for win 10,
253,Air HQ,Existing,ADOC,Desktop,Clone,N/A,Core i7 8th gen RAM: 8GB SSD: 512GB,Core i7 8th gen,8GB,0,512GB,svc,Duty Controller,,Not Issued,,
254,Air HQ,Existing,ADOC,Desktop,Clone,N/A,Core i7 8th gen RAM: 8GB SSD: 512GB,Core i7 8th gen,8GB,0,512GB,svc,MLO,,Not Issued,,
255,Air HQ,Existing,ADOC,Desktop,Clone,N/A,Core i3 4th gen RAM: 4GB SSD: 128GB HDD: 512GB,Core i3 4th gen,4GB,512GB,128GB,svc,Flight Radar Ctrl,,Not Issued,,
256,Air HQ,Existing,ADOC,Desktop,Clone,N/A,Core i7 7th gen RAM: 8GB HDD: 2TB,Core i7 7th gen,8GB,2TB,0,svc,MLC,,Not Issued,ok for win 10,
257,Air HQ,Existing,ADOC,Desktop,Clone,N/A,Core i3 7th gen RAM: 4GB HDD: 512GB,Core i3 7th gen,4GB,512GB,0,svc,MLO,,Not Issued,ok for win 10,
258,Air HQ,Existing,ADOC,Desktop,Clone,N/A,Core i7 7th gen RAM: 4GB HDD: 2TB,Core i7 7th gen,4GB,2TB,0,svc,Ops Room,,Not Issued,ok for win 10,
259,Air HQ,Existing,ADOC,Desktop,"Brand: Dell, Model: Optiplex 7050",8QBK6Q2,Core i7 7th gen RAM: 16GB HDD: 1TB,Core i7 7th gen,16GB,1TB,0,svc,S/by Ops Room,,Not Issued,ok for win 10,
260,Air HQ,Existing,ADOC,Desktop,Clone,N/A,Core i3 3rd gen RAM: 4GB HDD: 512GB,Core i3 3rd gen,4GB,512GB,0,svc,Ops Office,,Not Issued,,
261,Air HQ,Existing,ADOC,Desktop,Clone,N/A,Core i3 8th gen RAM: 4GB SSD: 512GB,Core i3 8th gen,4GB,0,512GB,svc,S/by Ops Room,,Not Issued,ok for win 10,
262,Air HQ,Existing,ADOC,Desktop,Clone,N/A,Core i7 7th gen RAM: 8GB HDD: 1TB,Core i7 7th gen,8GB,1TB,0,svc,Ops Record,,Not Issued,ok for win 10,
263,Air HQ,Existing,ADOC,All-in-One,Brand: HP,8CC74720N2,Core i5 7th gen RAM: 4GB HDD: 1TB,Core i5 7th gen,4GB,1TB,0,svc,Ops Record,,Not Issued,ok for win 10,
264,Air HQ,Existing,ADOC,Desktop,Clone,N/A,Core i7 8th gen RAM: 8GB SSD: 512GB,Core i7 8th gen,8GB,0,512GB,svc,Supervisor,,Not Issued,ok for win 10,
265,Air HQ,Existing,ADOC,Desktop,Clone,N/A,Core i7 7th gen RAM: 8GB HDD: 1TB,Core i7 7th gen,8GB,1TB,0,svc,MLC,,Not Issued,ok for win 10,
266,Air HQ,Existing,ADOC,Desktop,Clone,N/A,Core i7 8th gen RAM: 8GB SSD: 512GB,Core i7 8th gen,8GB,0,512GB,svc,MLO,,Not Issued,ok for win 10,
267,Air HQ,Existing,ADOC,Desktop,Clone,N/A,Core i3 3rd gen RAM: 4GB SSD: 128GB,Core i3 3rd gen,4GB,0,128GB,svc,UWO,,Not Issued,,
268,Air HQ,Existing,BAF Comm Unit,Desktop,Clone,N/A,"Core i3 4th gen, RAM 4GB , HDD 1TB",Core i3 4th gen,4GB,1TB,0,svc,cypher section,,Not Issued,,
269,Air HQ,Existing,BAF Comm Unit,Desktop,Clone,N/A,"Core i3 4th gen, RAM 2 GB , HDD 150 GB",Core i3 4th gen,2 GB,150 GB,0,svc,cypher section,,Not Issued,,
270,Air HQ,Existing,BAF Comm Unit,Desktop,Clone,N/A,"Core i3 8th gen, RAM 4 GB , HDD 1 TB",Core i3 8th gen,4 GB,1 TB,0,svc,cypher section,,Not Issued,,
271,Air HQ,Existing,Air HQ (U),Desktop,Clone,N/A,"Core i3 4th Gen RAM: 4 GB SSD: 112 GB, HDD: 512 GB",Core i3 4th Gen,4 GB,512 GB,112 GB,svc,JCO GST & Sports Flt,,,,
272,Air HQ,Existing,CQCU,Desktop,Clone,N/A,"Core i3 6th Gen, RAM: 4 GB, HDD: 512 GB",Core i3 6th Gen,4 GB,512 GB,0,svc,AC Range,,Not Issued,ok for win 10,
273,Air HQ,Existing,CQCU,Desktop,Clone,N/A,U/S,U/S,0,0,0,U/S,QC      Stamp & MT Rage,,Not Issued,,
274,Air HQ,Existing,CQCU,Desktop,Clone,N/A,U/S,U/S,0,0,0,U/S,AC Range,,Not Issued,,
275,Air HQ,Existing,CQCU,Desktop,Clone,N/A,"Core i3 4th Gen, RAM: 4 GB, HDD: 1 TB",Core i3 4th Gen,4 GB,1 TB,0,svc,Cloting Rangeeee,,Not Issued,,
276,Air HQ,Existing,CQCU,Desktop,Clone,N/A,"Core i3 4th Gen, RAM: 2 GB, HDD: 1 TB",Core i3 4th Gen,2 GB,1 TB,0,svc,Armanent Range,,Not Issued,,
277,Air HQ,Existing,CQCU,Desktop,Clone,N/A,"Core i3 8th Gen, RAM: 4 GB, SSD: 256 GB, HDD: 512 GB",Core i3 8th Gen,4 GB,512 GB,256 GB,svc,Signal Range,,,,
278,Air HQ,Existing,CQCU,Desktop,Clone,N/A,"Core i5 7th Gen, RAM: 8 GB, SSD: 512 GB",Core i5 7th Gen,8 GB,0,512 GB,svc,JCOIC CQCU,,,,
279,Air HQ,Existing,CQCU,Desktop,Clone,N/A,"Core i5 9th Gen, RAM: 8 GB, HDD: 1 TB",Core i5 9th Gen,8 GB,1 TB,0,svc,OC CQCU,,,,
280,Air HQ,Existing,CQCU,Desktop,Clone,N/A,"Core i3 2nd Gen, RAM: 4 GB, SSD: 112 GB",Core i3 2nd Gen,4 GB,0,112 GB,svc,Ordary Room,,Not Issued,,
281,Air HQ,Existing,BAF RO,Desktop,CPU Brand Clone,N/A,"Core i3 3rd Gen, RAM: 4 GB. HDD: 50 GB",Core i3 3rd Gen,4 GB,50 GB,0,,ICT Cell,,Issued,,
282,Air HQ,Existing,BAF RO,Desktop,CPU Brand Clone,N/A,"Core i5 3rd Gen, RAM: 4 GB. HDD: 1TB",Core i5 3rd Gen,4 GB,1TB,0,,Docu IV,,Issued,,
283,Air HQ,Existing,BAF RO,Desktop,CPU Brand Clone,N/A,"Core i3 6th Gen, RAM: 4 GB. HDD: 128 GB",Core i3 6th Gen,4 GB,128 GB,0,,Pension Laison,,Issued,,
284,,,,,,,,,,0,0,,,,,,
285,,,,,,,,,,0,0,,,,,,
286,,,,,,,,,,0,0,,,,,,
287,,,,,,,,,,0,0,,,,,,
288,,,,,,,,,,0,0,,,,,,
289,,,,,,,,,,0,0,,,,,,
290,,,,,,,,,,0,0,,,,,,
291,,,,,,,,,,0,0,,,,,,
292,,,,,,,,,,0,0,,,,,,
293,,,,,,,,,,0,0,,,,,,
294,,,,,,,,,,0,0,,,,,,
295,,,,,,,,,,0,0,,,,,,
296,,,,,,,,,,0,0,,,,,,
297,,,,,,,,,,0,0,,,,,,
298,,,,,,,,,,0,0,,,,,,
299,,,,,,,,,,0,0,,,,,,
300,,,,,,,,,,0,0,,,,,,
301,,,,,,,,,,0,0,,,,,,
302,,,,,,,,,,0,0,,,,,,
303,,,,,,,,,,0,0,,,,,,
304,,,,,,,,,,0,0,,,,,,
305,,,,,,,,,,0,0,,,,,,
306,,,,,,,,,,0,0,,,,,,